{
  "chatter_band_retention": 0.2208947681032791,
  "correlation_after": 0.8912283470242918,
  "correlation_before": 1.0,
  "correlation_before_after": 0.8912283470242918,
  "denoising_scope": "reconstruction_level",
  "energy_after": 63.11523565767246,
  "energy_before": 119.42014883513086,
  "estimated_noise_sigma": 0.06802890275907056,
  "input_output_correlation": 0.8912283470242918,
  "input_stage": "Stage_2 weighted reconstruction",
  "out_of_band_attenuation": 0.44590361075941143,
  "requested_level": 4,
  "resolved_level": 4,
  "rms_after": 0.07944509780828043,
  "rms_before": 0.10927952636936658,
  "runtime_seconds": 0.0006304300623014569,
  "single_scale_factor_restoration": 0.0058835477725913705,
  "spectral_distortion": 0.2384928466491293,
  "synthetic_reference_rmse": null,
  "synthetic_reference_snr_db": null,
  "synthetic_self_check": {
    "applied_level": 4,
    "chatter_band_retention": 0.9079678465013573,
    "correlation_before_after": 0.9831433212380032,
    "duration_seconds": 0.2048,
    "energy_after": 802.2387197205644,
    "energy_before": 863.1788099862822,
    "estimated_noise_sigma": 0.15938520756314936,
    "known_clean_reference_used": true,
    "out_of_band_attenuation": 0.07532292735912882,
    "rms_after": 0.6258738889453345,
    "rms_before": 0.6492103113118386,
    "runtime_seconds": 0.00036109599750488997,
    "sample_count": 2048,
    "seed": 10042,
    "spectral_distortion": 0.08685866706522605,
    "synthetic_reference_rmse": 0.10569825565536074,
    "synthetic_reference_snr_db": 15.5032287221311,
    "transient_preservation": 0.872164922092691
  },
  "transient_preservation": 0.6062589870784469
}