coefficient_name,level,is_approximation,coefficient_count,frequency_low_hz,frequency_high_hz,chatter_overlap_fraction,input_energy,output_energy,threshold,threshold_scale,is_detail,coefficient_energy,energy,energy_ratio,chatter_band_overlap_fraction,chatter_overlap
cA_4,4,True,639,0.0,312.5,0.0,5.235766149798389,5.235766149798389,0.0,0.0,False,5.235766149798389,5.235766149798389,0.043548976583330776,0.0,0.0
cD_4,4,False,639,312.5,625.0,0.0,1.2959492773198336,0.0,0.26850606978138625,1.4,True,1.2959492773198336,1.2959492773198336,0.010779179802245194,0.0,0.0
cD_3,3,False,1263,625.0,1250.0,0.8,5.480070711031413,0.03388784875157254,0.1574986156053812,0.6799999999999999,True,5.480070711031413,5.480070711031413,0.04558100271130205,0.8,0.8
cD_2,2,False,2511,1250.0,2500.0,0.4,63.62040114672125,47.270613300906916,0.0334459361109615,1.04,True,63.62040114672125,63.62040114672125,0.5291686604199006,0.4,0.4
cD_1,1,False,5007,2500.0,5000.0,0.0,44.594889458936706,11.043591492833645,0.09905246402853704,1.4,True,44.594889458936706,44.594889458936706,0.3709221804832214,0.0,0.0
