imf_index,gate,selected
1,0.9816547447115379,True
2,0.00655110658495268,False
3,0.002253258338818313,False
