imf_index,correlation,relative_energy,kurtosis,kurtosis_score,chatter_band_energy_ratio,spindle_harmonic_energy_ratio,tooth_harmonic_energy_ratio,forced_harmonic_energy_ratio,frequency_proximity,centre_frequency_hz,bandwidth_hz,spectral_entropy,gate,zero_based_imf_index,kurtosis_normalized,weighting_method,source_correlation
1,0.5111472167810003,0.3251223539210585,1.4054966244949738,0.0,0.9119324170764332,0.03067732172789835,0.03425500920099463,0.03570775119587796,0.9883833431692371,310.8277847410352,57.96697788150637,0.30496500950135286,0.9816547447115379,0,0.0,physics_guided_independent_gates,0.5111472167810003
2,0.7030502096838489,0.5760837175454343,1.9232502461877845,0.0,0.0001038582385545616,0.9691282041290611,0.9766741779700145,0.9856162043201916,1.652920670611248e-05,38.442283364858184,17.61248499455742,0.33954762732000277,0.00655110658495268,1,0.0,physics_guided_independent_gates,0.7030502096838489
3,0.15302128085879857,0.09879392853350695,4.0077429081819576,0.10077429081819575,5.2774217411011163e-08,0.9997436107937212,0.9508155050263172,0.9999887725609441,4.640178572701302e-06,22.64254593135059,11.478759168790708,0.5318084859405885,0.002253258338818313,2,0.10077429081819575,physics_guided_independent_gates,0.15302128085879857
