{
  "chatter_band_retention": 0.0006300402849955459,
  "correlation_after": 0.23205638578029306,
  "correlation_before": 1.0,
  "correlation_before_after": 0.23205638578029306,
  "denoising_scope": "reconstruction_level",
  "energy_after": 2.1612334355098852,
  "energy_before": 41.40614407035986,
  "estimated_noise_sigma": 0.476435928934436,
  "input_output_correlation": 0.23205638578029306,
  "input_stage": "Stage_2 weighted reconstruction",
  "out_of_band_attenuation": 0.4316723190074696,
  "requested_level": 2,
  "resolved_level": 2,
  "rms_after": 0.06497044754140335,
  "rms_before": 0.28437892878590987,
  "runtime_seconds": 0.000223672017455101,
  "single_scale_factor_restoration": 1.1607437822809028,
  "spectral_distortion": 1.8886727133864305,
  "synthetic_reference_rmse": null,
  "synthetic_reference_snr_db": null,
  "synthetic_self_check": {
    "applied_level": 2,
    "chatter_band_retention": 0.0014530356872475062,
    "correlation_before_after": 0.7018204415284311,
    "duration_seconds": 0.512,
    "energy_after": 123.83556153762234,
    "energy_before": 251.11438345347023,
    "estimated_noise_sigma": 0.6016570778586279,
    "known_clean_reference_used": true,
    "out_of_band_attenuation": 0.05110758811512017,
    "rms_after": 0.49179907597327654,
    "rms_before": 0.7003269095090943,
    "runtime_seconds": 0.0001848840620368719,
    "sample_count": 512,
    "seed": 10042,
    "spectral_distortion": 1.0372089607409558,
    "synthetic_reference_rmse": 0.48753534597010706,
    "synthetic_reference_snr_db": 2.9424014035833195,
    "transient_preservation": 0.2019863854584357
  },
  "transient_preservation": 0.016503351505613318
}